day_month,y2020,y2019,y2018,y2017
2020-07-02,NA,NA,NA,99
2020-07-01,NA,NA,87,137
2020-06-30,NA,153,112,105
2020-06-29,NA,144,99,106
2020-06-28,NA,145,74,117
2020-06-27,NA,151,129,133
2020-06-26,NA,152,132,152
2020-06-25,NA,137,159,166
2020-06-24,NA,72,153,160
2020-06-23,NA,107,164,152
2020-06-22,NA,152,164,155
2020-06-21,NA,157,162,154
2020-06-20,NA,112,158,117
2020-06-19,NA,163,139,156
2020-06-18,NA,78,152,157
2020-06-17,NA,102,161,134
2020-06-16,157,100,188,153
2020-06-15,124,161,195,158
2020-06-14,152,127,213,159
2020-06-13,144,132,262,153
2020-06-12,153,127,180,156
2020-06-11,127,173,156,132
2020-06-10,140,158,152,162
2020-06-09,152,171,139,160
2020-06-08,122,157,160,134
2020-06-07,111,142,157,130
2020-06-06,92,156,152,158
2020-06-05,113,157,134,155
2020-06-04,149,129,152,170
2020-06-03,132,154,147,168
2020-06-02,99,158,122,178
2020-06-01,107,169,155,170
2020-05-31,67,162,158,153
2020-05-30,70,165,153,158
2020-05-29,74,157,178,145
2020-05-28,99,144,178,119
2020-05-27,107,151,172,157
2020-05-26,127,139,170,181
2020-05-25,142,109,167,174
2020-05-24,132,109,181,177
2020-05-23,157,168,189,173
2020-05-22,160,152,166,177
2020-05-21,124,159,158,209
2020-05-20,139,164,164,176
2020-05-19,164,158,173,176
2020-05-18,161,109,169,172
2020-05-17,160,165,177,166
2020-05-16,154,154,158,183
2020-05-15,107,161,156,176
2020-05-14,134,132,137,190
2020-05-13,153,199,163,207
2020-05-12,107,203,199,222
2020-05-11,112,168,192,165
2020-05-10,137,162,167,159
2020-05-09,144,183,156,176
2020-05-08,123,183,119,199
2020-05-07,77,180,178,209
2020-05-06,132,177,177,197
2020-05-05,133,173,154,205
2020-05-04,68,157,114,171
2020-05-03,97,117,122,198
2020-05-02,91,158,139,189
2020-05-01,151,180,139,161
2020-04-30,132,174,159,164
2020-04-29,144,160,167,179
2020-04-28,99,157,165,164
2020-04-27,79,157,171,163
2020-04-26,110,160,192,151
2020-04-25,72,166,181,164
2020-04-24,151,166,179,162
2020-04-23,148,171,154,165
2020-04-22,137,173,152,177
2020-04-21,98,163,172,183
2020-04-20,114,161,170,174
2020-04-19,76,154,162,183
2020-04-18,78,95,152,199
2020-04-17,77,68,162,186
2020-04-16,160,102,178,201
2020-04-15,155,124,171,215
2020-04-14,149,NA,166,210
2020-04-13,147,137,159,197
2020-04-12,91,151,109,169
2020-04-11,131,155,122,160
2020-04-10,137,164,169,153
2020-04-09,87,160,127,134
2020-04-08,78,160,127,175
2020-04-07,82,196,119,196
2020-04-06,122,171,168,151
2020-04-05,130,181,190,142
2020-04-04,96,181,172,162
2020-04-03,75,161,172,158
2020-04-02,78,161,168,161
2020-04-01,82,119,156,173
2020-03-31,85,151,160,163
2020-03-30,85,171,167,158
2020-03-29,69,175,164,170
2020-03-28,59,174,173,175
2020-03-27,63,158,176,160
2020-03-26,97,158,163,159
2020-03-25,92,153,162,159
2020-03-24,144,127,159,176
2020-03-23,132,135,151,189
2020-03-22,154,99,162,180
2020-03-21,160,177,191,179
2020-03-20,166,166,174,184
2020-03-19,164,174,157,180
2020-03-18,152,166,156,170
2020-03-17,154,163,162,173
2020-03-16,149,154,170,174
2020-03-15,139,156,177,170
2020-03-14,102,180,173,161
2020-03-13,154,163,174,154
2020-03-12,151,149,171,139
2020-03-11,144,162,159,109
2020-03-10,154,158,156,121
2020-03-09,125,159,171,154
2020-03-08,156,167,183,159
2020-03-07,109,169,165,177
2020-03-06,65,165,156,164
2020-03-05,92,154,157,163
2020-03-04,161,163,158,164
2020-03-03,164,152,168,155
2020-03-02,171,174,185,180
2020-03-01,103,167,179,190
2020-02-29,154,NA,NA,NA
2020-02-28,163,166,189,192
2020-02-27,172,132,160,173
2020-02-26,194,151,153,172
2020-02-25,182,168,165,159
2020-02-24,154,164,209,158
2020-02-23,171,139,206,161
2020-02-22,144,157,197,172
2020-02-21,112,154,226,176
2020-02-20,175,161,207,193
2020-02-19,180,180,206,183
2020-02-18,181,174,181,177
2020-02-17,191,170,181,178
2020-02-16,186,182,177,193
2020-02-15,161,184,165,196
2020-02-14,159,201,158,198
2020-02-13,165,246,172,191
2020-02-12,204,249,160,197
2020-02-11,229,211,191,184
2020-02-10,220,193,247,182
2020-02-09,197,160,239,188
2020-02-08,202,154,223,193
2020-02-07,198,154,183,161
2020-02-06,180,217,189,200
2020-02-05,195,279,199,195
2020-02-04,229,189,188,215
2020-02-03,194,187,175,229
2020-02-02,182,232,189,230
2020-02-01,177,222,194,183
2020-01-31,169,218,192,227
2020-01-30,168,251,190,208
2020-01-29,161,191,206,177
2020-01-28,179,185,200,173
2020-01-27,257,188,222,152
2020-01-26,255,175,202,199
2020-01-25,192,158,193,262
2020-01-24,159,183,212,253
2020-01-23,162,183,225,209
2020-01-22,234,144,228,248
2020-01-21,266,199,189,222
2020-01-20,196,340,204,178
2020-01-19,190,310,284,195
2020-01-18,187,286,321,209
2020-01-17,175,383,267,184
2020-01-16,196,298,178,223
2020-01-15,181,185,202,253
2020-01-14,181,169,204,305
2020-01-13,262,307,255,286
2020-01-12,269,354,198,276
2020-01-11,192,317,193,205
2020-01-10,188,219,218,180
2020-01-09,169,200,261,197
2020-01-08,187,203,191,194
2020-01-07,185,231,221,199
2020-01-06,205,212,277,230
2020-01-05,236,304,274,240
2020-01-04,268,289,269,247
2020-01-03,255,410,253,260
2020-01-02,349,383,327,285
2020-01-01,392,341,342,251
